{
  "selection": {
    "selection_split": "validation",
    "drawdown_floor_pct": -10.0,
    "used_constrained_set": true
  },
  "dataset": {
    "rows_total": 32378,
    "split_train_rows": 19427,
    "split_validation_rows": 6476,
    "split_test_rows": 6475,
    "val_pick_rows": 831,
    "test_pick_rows": 889,
    "raw_pred_mean4_cutoff": 0.7129917140924689
  },
  "baseline_fixed_validation": {
    "n_trades": 510,
    "return_pct": 5200.37119050303,
    "max_drawdown_pct": -12.105165833506671,
    "win_rate_pct": 60.0,
    "mean_trade_ret_pct": 3.5289457568627447,
    "std_trade_ret_pct": 8.797520394481179,
    "sharpe_trade": 0.40112959091024186,
    "sortino_trade": 0.9651506582557643,
    "cvar5_trade_ret_pct": -11.967515384615385,
    "objective_val": 5194.318607586277
  },
  "baseline_fixed_test": {
    "n_trades": 492,
    "return_pct": 1065.895348343835,
    "max_drawdown_pct": -14.052270828991064,
    "win_rate_pct": 54.0650406504065,
    "mean_trade_ret_pct": 2.3166264065040645,
    "std_trade_ret_pct": 8.252256121706019,
    "sharpe_trade": 0.2807264307285145,
    "sortino_trade": 0.6354753742661157,
    "cvar5_trade_ret_pct": -12.04712,
    "objective_val": 1058.8692129293395
  },
  "best_candidate_validation": {
    "strategy": "cfg_158",
    "min_decile_score": 0.9,
    "min_alloc_fraction": 0.08,
    "max_alloc_fraction": 0.3,
    "w_score": 0.7,
    "w_price_edge": 0.15,
    "w_risk_quality": 0.15,
    "w_range_risk": 0.25,
    "w_sd_risk": 0.2,
    "w_vol_risk": 0.4,
    "w_mom_risk": 0.15,
    "raw_pred_mean4_cutoff": 0.7129917140924689,
    "n_trades": 589,
    "return_pct": 3573.0977466442946,
    "max_drawdown_pct": -7.121917664526444,
    "win_rate_pct": 60.611205432937176,
    "mean_trade_ret_pct": 3.5434013582342945,
    "std_trade_ret_pct": 8.744055281405643,
    "sharpe_trade": 0.40523547075112704,
    "sortino_trade": 0.9768308970340659,
    "cvar5_trade_ret_pct": -11.742790000000001,
    "objective_val": 3569.5367878120314,
    "avg_alloc_fraction": 0.18047330896238845,
    "p95_alloc_fraction": 0.2659367121138761,
    "max_alloc_fraction_realized": 0.27401074376284823,
    "avg_sizing_signal": 0.45669685891994743
  },
  "best_candidate_test": {
    "strategy": "cfg_158",
    "min_decile_score": 0.9,
    "min_alloc_fraction": 0.08,
    "max_alloc_fraction": 0.3,
    "w_score": 0.7,
    "w_price_edge": 0.15,
    "w_risk_quality": 0.15,
    "w_range_risk": 0.25,
    "w_sd_risk": 0.2,
    "w_vol_risk": 0.4,
    "w_mom_risk": 0.15,
    "raw_pred_mean4_cutoff": 0.7129917140924689,
    "n_trades": 571,
    "return_pct": 717.4801590082028,
    "max_drawdown_pct": -9.509849727473807,
    "win_rate_pct": 54.81611208406305,
    "mean_trade_ret_pct": 2.324983320490367,
    "std_trade_ret_pct": 8.150739993379695,
    "sharpe_trade": 0.2852481274557644,
    "sortino_trade": 0.6430267415963342,
    "cvar5_trade_ret_pct": -11.912075862068965,
    "objective_val": 712.725234144466,
    "avg_alloc_fraction": 0.18623441144551783,
    "p95_alloc_fraction": 0.2636949393347352,
    "max_alloc_fraction_realized": 0.27219158924391273,
    "avg_sizing_signal": 0.4828836883887174
  },
  "best_candidate_params": {
    "min_decile_score": 0.9,
    "min_alloc_fraction": 0.08,
    "max_alloc_fraction": 0.3,
    "w_score": 0.7,
    "w_price_edge": 0.15,
    "w_risk_quality": 0.15,
    "w_range_risk": 0.25,
    "w_sd_risk": 0.2,
    "w_vol_risk": 0.4,
    "w_mom_risk": 0.15
  }
}