{
  "seeds": [
    11,
    42,
    73,
    101,
    202
  ],
  "per_seed": [
    {
      "seed": 11,
      "baseline": {
        "r2": 0.02562936260684845,
        "mae": 4.0729059128450835,
        "rmse": 6.01732700077089,
        "dir_acc": 0.5134861766689144,
        "top_dec_mean": 2.84047314527027,
        "dec_spread": 3.7110675844594594
      },
      "augmented": {
        "r2": 0.022888486302422795,
        "mae": 4.082727143392605,
        "rmse": 6.025784340431121,
        "dir_acc": 0.5111260957518543,
        "top_dec_mean": 3.0508011385135134,
        "dec_spread": 3.11200097972973
      },
      "delta": {
        "r2": -0.0027408763044256546,
        "mae": 0.009821230547521154,
        "rmse": 0.008457339660231433,
        "dir_acc": -0.002360080917060081,
        "top_dec_mean": 0.21032799324324358,
        "dec_spread": -0.5990666047297295
      }
    },
    {
      "seed": 42,
      "baseline": {
        "r2": 0.03190783603343539,
        "mae": 4.095048638587833,
        "rmse": 6.142475471646878,
        "dir_acc": 0.5242751180040458,
        "top_dec_mean": 3.9331980608108097,
        "dec_spread": 3.8350962770270263
      },
      "augmented": {
        "r2": 0.011358829492286504,
        "mae": 4.133360023747351,
        "rmse": 6.207324142110888,
        "dir_acc": 0.5266351989211059,
        "top_dec_mean": 3.306183391891891,
        "dec_spread": 2.531228655405405
      },
      "delta": {
        "r2": -0.020549006541148884,
        "mae": 0.03831138515951871,
        "rmse": 0.0648486704640101,
        "dir_acc": 0.002360080917060081,
        "top_dec_mean": -0.6270146689189189,
        "dec_spread": -1.3038676216216212
      }
    },
    {
      "seed": 73,
      "baseline": {
        "r2": 0.008661845929010425,
        "mae": 4.175254307794301,
        "rmse": 6.162958274537279,
        "dir_acc": 0.5084288604180714,
        "top_dec_mean": 2.6298403412162163,
        "dec_spread": 2.2430920574324325
      },
      "augmented": {
        "r2": 0.0006380498361842069,
        "mae": 4.18342709653292,
        "rmse": 6.187849206903969,
        "dir_acc": 0.5107889413351315,
        "top_dec_mean": 2.4792438614864865,
        "dec_spread": 1.4642346993243245
      },
      "delta": {
        "r2": -0.008023796092826219,
        "mae": 0.008172788738619374,
        "rmse": 0.02489093236668971,
        "dir_acc": 0.002360080917060081,
        "top_dec_mean": -0.1505964797297299,
        "dec_spread": -0.778857358108108
      }
    },
    {
      "seed": 101,
      "baseline": {
        "r2": 0.02126487112757447,
        "mae": 4.099434103494116,
        "rmse": 6.07718792372153,
        "dir_acc": 0.5178691840863116,
        "top_dec_mean": 2.6448137094594597,
        "dec_spread": 2.5866454290540544
      },
      "augmented": {
        "r2": 0.004682142578627979,
        "mae": 4.115877138940514,
        "rmse": 6.128454639865803,
        "dir_acc": 0.5104517869184086,
        "top_dec_mean": 2.668776989864865,
        "dec_spread": 2.505590070945946
      },
      "delta": {
        "r2": -0.01658272854894649,
        "mae": 0.01644303544639847,
        "rmse": 0.051266716144272806,
        "dir_acc": -0.007417397167902906,
        "top_dec_mean": 0.023963280405405296,
        "dec_spread": -0.08105535810810816
      }
    },
    {
      "seed": 202,
      "baseline": {
        "r2": 0.014795378946077964,
        "mae": 4.10746877208924,
        "rmse": 6.067825363929079,
        "dir_acc": 0.5303438975050573,
        "top_dec_mean": 3.3013810202702696,
        "dec_spread": 3.1022664999999994
      },
      "augmented": {
        "r2": -0.007400257911470254,
        "mae": 4.137503810138343,
        "rmse": 6.135795573220074,
        "dir_acc": 0.5205664194200944,
        "top_dec_mean": 2.4254751959459457,
        "dec_spread": 1.853653716216216
      },
      "delta": {
        "r2": -0.022195636857548218,
        "mae": 0.030035038049102347,
        "rmse": 0.06797020929099507,
        "dir_acc": -0.009777478084962876,
        "top_dec_mean": -0.8759058243243238,
        "dec_spread": -1.2486127837837833
      }
    }
  ],
  "delta_aug_minus_baseline_summary": {
    "r2": {
      "mean": -0.014018408868979093,
      "median": -0.01658272854894649,
      "min": -0.022195636857548218,
      "max": -0.0027408763044256546,
      "n_negative": 5,
      "n_positive": 0
    },
    "mae": {
      "mean": 0.02055669558823201,
      "median": 0.01644303544639847,
      "min": 0.008172788738619374,
      "max": 0.03831138515951871,
      "n_negative": 0,
      "n_positive": 5
    },
    "rmse": {
      "mean": 0.04348677358523982,
      "median": 0.051266716144272806,
      "min": 0.008457339660231433,
      "max": 0.06797020929099507,
      "n_negative": 0,
      "n_positive": 5
    },
    "dir_acc": {
      "mean": -0.00296695886716114,
      "median": -0.002360080917060081,
      "min": -0.009777478084962876,
      "max": 0.002360080917060081,
      "n_negative": 3,
      "n_positive": 2
    },
    "top_dec_mean": {
      "mean": -0.28384513986486476,
      "median": -0.1505964797297299,
      "min": -0.8759058243243238,
      "max": 0.21032799324324358,
      "n_negative": 3,
      "n_positive": 2
    },
    "dec_spread": {
      "mean": -0.80229194527027,
      "median": -0.778857358108108,
      "min": -1.3038676216216212,
      "max": -0.08105535810810816,
      "n_negative": 5,
      "n_positive": 0
    }
  }
}