{
  "1": {
    "HGBR": {
      "r2": 0.03644551187340317,
      "mae": 4.1039134039173195,
      "rmse": 6.169369801305913,
      "diracc": 0.5249494268374916,
      "top_dec": 4.258028378378378,
      "bot_dec": -0.13801081081081099,
      "dec_spread": 4.396039189189189,
      "prec": {
        "0": {
          "n": 2708,
          "pct_pos": 0.5280649926144756,
          "mean_actual": 0.8714782127031018
        },
        "2": {
          "n": 198,
          "pct_pos": 0.6565656565656566,
          "mean_actual": 5.377526388888889
        },
        "5": {
          "n": 26,
          "pct_pos": 0.7307692307692307,
          "mean_actual": 8.373998076923074
        }
      }
    },
    "XGBoost": {
      "r2": 0.025215640673340922,
      "mae": 4.120952242628978,
      "rmse": 6.2052165204823435,
      "diracc": 0.528658125421443,
      "top_dec": 3.6634592060810816,
      "bot_dec": -0.5036576013513514,
      "dec_spread": 4.167116807432433,
      "prec": {
        "0": {
          "n": 2875,
          "pct_pos": 0.5276521739130435,
          "mean_actual": 0.8602592173913043
        },
        "2": {
          "n": 62,
          "pct_pos": 0.6935483870967742,
          "mean_actual": 6.260460887096774
        },
        "5": {
          "n": 3,
          "pct_pos": 1.0,
          "mean_actual": 12.135166666666668
        }
      }
    },
    "HMM-XGBoost": {
      "r2": 0.01881009809231804,
      "mae": 4.132194805689338,
      "rmse": 6.225571121928197,
      "diracc": 0.5306810519217802,
      "top_dec": 3.599996452702703,
      "bot_dec": 0.06940988175675668,
      "dec_spread": 3.530586570945946,
      "prec": {
        "0": {
          "n": 2704,
          "pct_pos": 0.5310650887573964,
          "mean_actual": 0.8878428901627219
        },
        "2": {
          "n": 165,
          "pct_pos": 0.6,
          "mean_actual": 3.4142643939393937
        },
        "5": {
          "n": 8,
          "pct_pos": 0.75,
          "mean_actual": 12.116728124999998
        }
      }
    },
    "ElasticNet": {
      "r2": 0.019689400411050384,
      "mae": 4.14475018673169,
      "rmse": 6.222780945382553,
      "diracc": 0.5276466621712744,
      "top_dec": 3.872633023648649,
      "bot_dec": 0.041748986486486395,
      "dec_spread": 3.8308840371621624,
      "prec": {
        "0": {
          "n": 2622,
          "pct_pos": 0.5301296720061022,
          "mean_actual": 0.8919116704805492
        },
        "2": {
          "n": 54,
          "pct_pos": 0.6111111111111112,
          "mean_actual": 4.810449074074072
        },
        "5": {
          "n": 0,
          "pct_pos": 0.0,
          "mean_actual": 0.0
        }
      }
    }
  },
  "3": {
    "HGBR": {
      "r2": -0.02083338938348045,
      "mae": 5.800877625644054,
      "rmse": 8.551938943017015,
      "diracc": 0.517579445571332,
      "top_dec": 2.40876714915254,
      "bot_dec": 0.384493399999999,
      "dec_spread": 2.0242737491525413,
      "prec": {
        "0": {
          "n": 2482,
          "pct_pos": 0.5173247381144238,
          "mean_actual": 0.7582652546333598
        },
        "2": {
          "n": 305,
          "pct_pos": 0.5245901639344263,
          "mean_actual": 2.270854455737703
        },
        "5": {
          "n": 58,
          "pct_pos": 0.4827586206896552,
          "mean_actual": 1.7362097241379273
        }
      }
    },
    "XGBoost": {
      "r2": -0.0024745341387661934,
      "mae": 5.78683607105719,
      "rmse": 8.474690232876759,
      "diracc": 0.5155510480054091,
      "top_dec": 3.007190525423727,
      "bot_dec": 0.010019511864406421,
      "dec_spread": 2.99717101355932,
      "prec": {
        "0": {
          "n": 2701,
          "pct_pos": 0.5149944465012958,
          "mean_actual": 0.7544277086264343
        },
        "2": {
          "n": 266,
          "pct_pos": 0.5488721804511278,
          "mean_actual": 2.8551966616541327
        },
        "5": {
          "n": 31,
          "pct_pos": 0.45161290322580644,
          "mean_actual": 2.153864064516125
        }
      }
    },
    "HMM-XGBoost": {
      "r2": -0.01975372756748306,
      "mae": 5.841511149293091,
      "rmse": 8.54741536226413,
      "diracc": 0.5125084516565247,
      "top_dec": 1.1980519525423712,
      "bot_dec": 0.07320189491525382,
      "dec_spread": 1.1248500576271174,
      "prec": {
        "0": {
          "n": 2521,
          "pct_pos": 0.514081713605712,
          "mean_actual": 0.7462121566838551
        },
        "2": {
          "n": 295,
          "pct_pos": 0.4610169491525424,
          "mean_actual": 1.1980519525423712
        },
        "5": {
          "n": 60,
          "pct_pos": 0.43333333333333335,
          "mean_actual": 1.4940210999999952
        }
      }
    },
    "ElasticNet": {
      "r2": -0.0016008238954277054,
      "mae": 5.8078932885408445,
      "rmse": 8.47099635465105,
      "diracc": 0.5216362407031778,
      "top_dec": 0.9104865762711851,
      "bot_dec": -0.5338383559322034,
      "dec_spread": 1.4443249322033886,
      "prec": {
        "0": {
          "n": 2498,
          "pct_pos": 0.5200160128102482,
          "mean_actual": 0.8709454023218569
        },
        "2": {
          "n": 261,
          "pct_pos": 0.46360153256704983,
          "mean_actual": 0.898817793103447
        },
        "5": {
          "n": 3,
          "pct_pos": 0.3333333333333333,
          "mean_actual": 3.7365976666666447
        }
      }
    }
  },
  "5": {
    "HGBR": {
      "r2": 0.031717980903194776,
      "mae": 6.991029772453225,
      "rmse": 10.257310292181666,
      "diracc": 0.5249068112504236,
      "top_dec": 3.5162949016949145,
      "bot_dec": -2.2143592813559323,
      "dec_spread": 5.730654183050847,
      "prec": {
        "0": {
          "n": 2138,
          "pct_pos": 0.5126286248830683,
          "mean_actual": 1.2113937062675397
        },
        "2": {
          "n": 385,
          "pct_pos": 0.5194805194805194,
          "mean_actual": 3.477524685714285
        },
        "5": {
          "n": 105,
          "pct_pos": 0.580952380952381,
          "mean_actual": 6.617098457142856
        }
      }
    },
    "XGBoost": {
      "r2": 0.036510544857859095,
      "mae": 6.974779895237983,
      "rmse": 10.231894249044187,
      "diracc": 0.515757370382921,
      "top_dec": 5.342780013559322,
      "bot_dec": -2.513927579661017,
      "dec_spread": 7.856707593220339,
      "prec": {
        "0": {
          "n": 2579,
          "pct_pos": 0.5044590926715782,
          "mean_actual": 1.0112260651415275
        },
        "2": {
          "n": 315,
          "pct_pos": 0.5396825396825397,
          "mean_actual": 4.8832749333333325
        },
        "5": {
          "n": 39,
          "pct_pos": 0.8205128205128205,
          "mean_actual": 15.488980307692305
        }
      }
    },
    "HMM-XGBoost": {
      "r2": 0.017921679446444072,
      "mae": 7.0322961342542225,
      "rmse": 10.330126075426378,
      "diracc": 0.5269400203320909,
      "top_dec": 3.767083294915253,
      "bot_dec": -1.0285714847457628,
      "dec_spread": 4.795654779661016,
      "prec": {
        "0": {
          "n": 2087,
          "pct_pos": 0.5141351221849545,
          "mean_actual": 1.2157248663152849
        },
        "2": {
          "n": 442,
          "pct_pos": 0.5429864253393665,
          "mean_actual": 2.7689391402714927
        },
        "5": {
          "n": 113,
          "pct_pos": 0.5486725663716814,
          "mean_actual": 4.064395681415928
        }
      }
    },
    "ElasticNet": {
      "r2": 0.016011712482548512,
      "mae": 7.052249576385327,
      "rmse": 10.340166321459936,
      "diracc": 0.510674347678753,
      "top_dec": 2.728400650847457,
      "bot_dec": -2.023538183050847,
      "dec_spread": 4.751938833898304,
      "prec": {
        "0": {
          "n": 2433,
          "pct_pos": 0.5014385532264694,
          "mean_actual": 1.0302587242087955
        },
        "2": {
          "n": 213,