{
  "analysis_date": "2026-03-06T19:34:59.234506+00:00",
  "missingness_profile": {
    "n_rows_total": 12229,
    "owned_missing_n_total": 4463,
    "owned_missing_rate_total": 0.36495216289148746,
    "per_horizon": {
      "1d": {
        "n_rows": 12206,
        "owned_missing_n": 4460,
        "owned_missing_rate": 0.3653940684909061,
        "mean_target_missing": 0.8012932980839588,
        "mean_target_present": 1.0710560250867487,
        "win_rate_missing": 0.5195067264573991,
        "win_rate_present": 0.5251742835011619
      },
      "3d": {
        "n_rows": 12179,
        "owned_missing_n": 4450,
        "owned_missing_rate": 0.36538303637408653,
        "mean_target_missing": 0.12975387098000432,
        "mean_target_present": 0.25159665575899687,
        "win_rate_missing": 0.4934831460674157,
        "win_rate_present": 0.5136498900245827
      },
      "5d": {
        "n_rows": 12159,
        "owned_missing_n": 4445,
        "owned_missing_rate": 0.36557282671272306,
        "mean_target_missing": 0.007994231737245552,
        "mean_target_present": 0.13241577268267754,
        "win_rate_missing": 0.4749156355455568,
        "win_rate_present": 0.5070002592688618
      },
      "10d": {
        "n_rows": 12093,
        "owned_missing_n": 4421,
        "owned_missing_rate": 0.36558339535268336,
        "mean_target_missing": -0.07338312581448961,
        "mean_target_present": 0.02205900194412594,
        "win_rate_missing": 0.4492196335670663,
        "win_rate_present": 0.48605318039624607
      }
    }
  },
  "scenarios": {
    "baseline": {
      "1d": {
        "horizon": 1,
        "n_rows": 12206,
        "n_train": 9764,
        "n_test": 2442,
        "target_clip_lo": -15.844480102809069,
        "target_clip_hi": 26.274559113966113,
        "r2": 0.03755638056618027,
        "mae": 4.0338919605934604,
        "rmse": 6.022059467623384,
        "dir_acc": 0.5278460278460279,
        "dec_spread": 3.7045807424540262,
        "top_dec_mean": 3.506184430789728,
        "bot_dec_mean": -0.1983963116642981,
        "prec_pos": 0.525,
        "n_pred_pos": 2200,
        "prec_gt2_pos": 0.5688888888888889,
        "n_pred_gt2": 225,
        "test_owned_missing_rate": 0.35176085176085176,
        "test_subgroups": {
          "missing": {
            "n": 859,
            "r2": 0.019120919232088474,
            "mae": 4.3899859421234115,
            "rmse": 6.548132844686864,
            "dir_acc": 0.5157159487776485,
            "dec_spread": 2.9256687865744615,
            "mean_actual": 0.8768501387106157,
            "mean_pred": 0.7048271767120298,
            "prec_pos": 0.5184210526315789,
            "n_pred_pos": 760
          },
          "present": {
            "n": 1583,
            "r2": 0.049969036173505677,
            "mae": 3.840660924501086,
            "rmse": 5.716362755086184,
            "dir_acc": 0.5344283006948831,
            "dec_spread": 4.213335562901263,
            "mean_actual": 0.7018623352992783,
            "mean_pred": 0.6908864939370043,
            "prec_pos": 0.5284722222222222,
            "n_pred_pos": 1440
          }
        }
      },
      "3d": {
        "horizon": 3,
        "n_rows": 12179,
        "n_train": 9743,
        "n_test": 2436,
        "target_clip_lo": -7.4836711858920575,
        "target_clip_hi": 10.602410465248955,
        "r2": 0.01420823534197524,
        "mae": 1.7650854996019438,
        "rmse": 2.557558191567237,
        "dir_acc": 0.5201149425287356,
        "dec_spread": 1.1415617953846289,
        "top_dec_mean": 0.827386451529487,
        "bot_dec_mean": -0.31417534385514184,
        "prec_pos": 0.5199778024417314,
        "n_pred_pos": 1802,
        "prec_gt2_pos": 0.6666666666666666,
        "n_pred_gt2": 33,
        "test_owned_missing_rate": 0.3587848932676519,
        "test_subgroups": {
          "missing": {
            "n": 874,
            "r2": 0.0555423795199097,
            "mae": 1.7729868095248473,
            "rmse": 2.6265630132141116,
            "dir_acc": 0.5503432494279176,
            "dec_spread": 2.545290494151163,
            "mean_actual": 0.18117039721280878,
            "mean_pred": 0.11940435960382784,
            "prec_pos": 0.5390199637023594,
            "n_pred_pos": 551
          },
          "present": {
            "n": 1562,
            "r2": -0.012798051053881432,
            "mae": 1.7606644081341987,
            "rmse": 2.5181223871356666,
            "dir_acc": 0.5032010243277849,
            "dec_spread": 0.3680801176184994,
            "mean_actual": 0.16118096765615483,
            "mean_pred": 0.17804959083312638,
            "prec_pos": 0.5115907274180655,
            "n_pred_pos": 1251
          }
        }
      },
      "5d": {
        "horizon": 5,
        "n_rows": 12159,
        "n_train": 9727,
        "n_test": 2432,
        "target_clip_lo": -5.3766762590176596,
        "target_clip_hi": 7.319199668423561,
        "r2": 0.011065432388174035,
        "mae": 1.2752331766352223,
        "rmse": 1.8638823338346993,
        "dir_acc": 0.5493421052631579,
        "dec_spread": 1.0626986030001269,
        "top_dec_mean": 0.7663729999848226,
        "bot_dec_mean": -0.2963256030153044,
        "prec_pos": 0.5693379790940767,
        "n_pred_pos": 1435,
        "prec_gt2_pos": 0.8,
        "n_pred_gt2": 10,
        "test_owned_missing_rate": 0.36101973684210525,
        "test_subgroups": {
          "missing": {
            "n": 878,
            "r2": 0.013000047006194504,
            "mae": 1.318806835094455,
            "rmse": 1.9460454890706065,
            "dir_acc": 0.5637813211845103,
            "dec_spread": 1.124684159952897,
            "mean_actual": 0.07318845148365746,
            "mean_pred": 0.01663764279925732,
            "prec_pos": 0.54739336492891,
            "n_pred_pos": 422
          },
          "present": {
            "n": 1554,
            "r2": 0.007709491317203221,
            "mae": 1.2506143400025285,
            "rmse": 1.8158177781009506,
            "dir_acc": 0.5411840411840412,
            "dec_spread": 1.0290828467124788,
            "mean_actual": 0.21278259765674906,
            "mean_pred": 0.04538398142785244,
            "prec_pos": 0.5784797630799605,
            "n_pred_pos": 1013
          }
        }
      },
      "10d": {
        "horizon": 10,
        "n_rows": 12093,
        "n_train": 9674,
        "n_test": 2419,
        "target_clip_lo": -3.683892791596716,
        "target_clip_hi": 4.408143075159343,
        "r2": 0.01718653315537577,
        "mae": 0.8444168213860146,
        "rmse": 1.21910625490975,
        "dir_acc": 0.5502273666804465,
        "dec_spread": 0.8197828286085433,
        "top_dec_mean": 0.44835363746899565,
        "bot_dec_mean": -0.37142919113954764,
        "prec_pos": 0.53,
        "n_pred_pos": 1200,
        "prec_gt2_pos": 0.0,
        "n_pred_gt2": 0,
        "test_owned_missing_rate": 0.3538652335675899,
        "test_subgroups": {
          "missing": {
            "n": 856,
            "r2": 0.010835276228363666,
            "mae": 0.9300158282749138,
            "rmse": 1.3340265067669412,
            "dir_acc": 0.5432242990654206,
            "dec_spread": 0.7179540243301625,
            "mean_actual": -0.06172820820992192,
            "mean_pred": -0.07245835479390192,
            "prec_pos": 0.49673202614379086,
            "n_pred_pos": 306
          },
          "present": {
            "n": 1563,
            "r2": 0.01882350173050662,
            "mae": 0.7975372629107121,
            "rmse": 1.1513173222280824,
            "dir_acc": 0.5540626999360204,
            "dec_spread": 0.7889842177066678,
            "mean_actual": 0.04613806209762775,
            "mean_pred": 0.003998542655589427,
            "prec_pos": 0.5413870246085011,
            "n_pred_pos": 894
          }
        }
      }
    },
    "no_ownership_feature": {
      "1d": {
        "horizon": 1,
        "n_rows": 12206,
        "n_train": 9764,