{
  "1": {
    "HGBR": {
      "n": 125,
      "pct_of_test": 4.214430209035738,
      "pct_pos": 59.199999999999996,
      "pct_gt2": 47.199999999999996,
      "pct_gt5": 34.4,
      "mean": 3.4165358,
      "median": 1.7613,
      "std": 10.064953541290357,
      "sharpe": 0.3394487402235927
    },
    "XGBoost": {
      "n": 100,
      "pct_of_test": 3.3715441672285906,
      "pct_pos": 64.0,
      "pct_gt2": 54.0,
      "pct_gt5": 41.0,
      "mean": 4.87537425,
      "median": 3.2958,
      "std": 10.979277816208732,
      "sharpe": 0.44405236224212075
    },
    "HMM-XGBoost": {
      "n": 121,
      "pct_of_test": 4.079568442346595,
      "pct_pos": 61.98347107438017,
      "pct_gt2": 50.413223140495866,
      "pct_gt5": 38.01652892561984,
      "mean": 3.664693595041322,
      "median": 2.1148,
      "std": 9.454068030221,
      "sharpe": 0.3876313966989357
    }
  },
  "3": {
    "HGBR": {
      "n": 259,
      "pct_of_test": 8.755916159567276,
      "pct_pos": 52.8957528957529,
      "pct_gt2": 44.01544401544402,
      "pct_gt5": 34.74903474903475,
      "mean": 2.393229505791504,
      "median": 0.8696,
      "std": 12.380261305972512,
      "sharpe": 0.19331009634158183
    },
    "XGBoost": {
      "n": 180,
      "pct_of_test": 6.085192697768763,
      "pct_pos": 49.44444444444444,
      "pct_gt2": 41.66666666666667,
      "pct_gt5": 32.22222222222222,
      "mean": 1.9265969333333304,
      "median": -0.1205,
      "std": 12.52337950989474,
      "sharpe": 0.1538400183282095
    },
    "HMM-XGBoost": {
      "n": 376,
      "pct_of_test": 12.711291413116971,
      "pct_pos": 50.0,
      "pct_gt2": 43.61702127659575,
      "pct_gt5": 32.97872340425532,
      "mean": 2.1096221702127647,
      "median": 0.0012,
      "std": 12.236471764018402,
      "sharpe": 0.17240444883926037
    }
  },
  "5": {
    "HGBR": {
      "n": 303,
      "pct_of_test": 10.267705862419518,
      "pct_pos": 52.8052805280528,
      "pct_gt2": 46.2046204620462,
      "pct_gt5": 38.613861386138616,
      "mean": 4.087553379537953,
      "median": 0.9716,
      "std": 16.23913348659023,
      "sharpe": 0.25171006709892046
    },
    "XGBoost": {
      "n": 161,
      "pct_of_test": 5.455777702473738,
      "pct_pos": 52.17391304347826,
      "pct_gt2": 47.82608695652174,
      "pct_gt5": 41.61490683229814,
      "mean": 5.0047302236024835,
      "median": 1.145,
      "std": 18.098336020144533,
      "sharpe": 0.2765298543485942
    },
    "HMM-XGBoost": {
      "n": 375,
      "pct_of_test": 12.707556760420196,
      "pct_pos": 50.13333333333333,
      "pct_gt2": 45.06666666666666,
      "pct_gt5": 36.266666666666666,
      "mean": 2.5892111359999985,
      "median": 0.1842,
      "std": 15.44356989241634,
      "sharpe": 0.16765625784951746
    }
  },
  "10": {
    "HGBR": {
      "n": 352,
      "pct_of_test": 12.001363791339925,
      "pct_pos": 52.84090909090909,
      "pct_gt2": 49.715909090909086,
      "pct_gt5": 42.61363636363637,
      "mean": 4.4302696704545435,
      "median": 1.5973,
      "std": 20.211618359944907,
      "sharpe": 0.21919420758678027
    },
    "XGBoost": {
      "n": 335,
      "pct_of_test": 11.421752471871804,
      "pct_pos": 52.537313432835816,
      "pct_gt2": 49.25373134328358,
      "pct_gt5": 41.7910447761194,
      "mean": 3.9557219731343256,
      "median": 0.9901,
      "std": 20.95860690196775,
      "sharpe": 0.1887397378860583
    },
    "HMM-XGBoost": {
      "n": 485,
      "pct_of_test": 16.53596999659052,
      "pct_pos": 55.25773195876289,
      "pct_gt2": 50.92783505154639,
      "pct_gt5": 41.855670103092784,
      "mean": 4.181294303092781,
      "median": 2.6786,
      "std": 18.959090681132334,
      "sharpe": 0.22054297716155302
    }
  }
}